Inflation	Expansion	Retention	Purity_r	Purity_b
1.2	2.0	0.35526854868603314	0.7350847330306489	0.5227751195578263
