GLIPH2	iSMART	ClusTCR²	ClusTCR¹	TCRDist*
825.9921875	812.8125	5932.609375	765.91796875	1129.859375
763.6171875	757.32421875	5347.48828125	700.48828125	1155.4375
823.69921875	838.76953125	5929.98046875	765.4609375	1408.2734375
869.5703125	994.02734375	6285.5546875	804.15234375	
921.53125	1768.2421875	7125.703125	937.109375	
