GLIPH2	iSMART	clusTCR	n_sequences
115.1767520904541	88.22103333473206	10.319220304489136	50000
330.4771568775177	363.835830450058	32.768112659454346	100000
927.5726244449615	1491.1703915596008	90.24279928207397	200000
4049.4240186214447		309.38811707496643	500000
7155.846695423126		546.5406038761139	750000
10441.701972723007		758.935530424118	1000000
