GLIPH2	iSMART	clusTCR	tcrdist3*	n_sequences
4.0285890102386475	1.9320182800292969	0.65492844581604	19.0412654876709	5000
9.179032325744629	5.227099418640137	0.9937021732330322	71.44832277297974	10000
40.531304597854614	23.84636902809143	2.0001635551452637	421.4041097164154	25000
104.65652799606323	88.38870406150818	4.86274528503418	1617.3572676181793	50000
329.71727681159973	373.0255162715912	11.975005865097046	6505.799120664597	100000
827.6112740039825	1473.6525921821594	25.036017417907715	25342.898450136185	200000
4049.4240186214447		87.60549974441528		500000
7155.846695423126		148.67611813545227		750000
10441.701972723007		204.76837944984436		1000000
