d	q	nodes	inflation	expansion	retention	purity_T	purity_B	consistency_T	consistency_B
1	0	18210	1.2	2	0.35526854868603314	0.7350847330306473	0.5258611656059979	0.14353307084008868	0.030539655229461008
1	1	1442	1.2	2	0.2957948717948718	0.8708217481538881	0.38061656554584955	0.4175759363019758	0.06546741374225892
1	2	176	1.2	2	0.20608899297423888	0.9355583325551099	0.4812414524639892	0.4883720930232558	0.14825581395348839
2	0	27964	1.2	2	0.5455645082622861	0.5975627205952494	0.3876037393875799	0.09307927120099209	0.017695316226271105
2	1	1954	1.2	2	0.40082051282051284	0.7866568914956011	0.20503421309872924	0.3526392961876833	0.05889540566959922
2	2	223	1.2	2	0.2611241217798595	0.9025	0.3475	0.4575	0.165
3	0	32631	1.2	2	0.6366154866652359	0.5706544657164544	0.39367040566753814	0.08102808467571898	0.015939951083747995
3	1	2174	1.2	2	0.44594871794871793	0.7505679236710586	0.20013630168105406	0.3253066787823716	0.05815538391640163
3	2	240	1.2	2	0.2810304449648712	0.8797169811320755	0.33726415094339623	0.44339622641509435	0.15566037735849056